{
    "acc_bias": [
        0.2171,
        -0.01888,
        -0.1424
    ],
    "acc_scale": [
        1.001,
        0.999,
        0.9957
    ],
    "device_class": "generic_tracker",
    "device_pid": 8226,
    "device_serial_number": "LHR-06DD394C",
    "device_vid": 10462,
    "gyro_bias": [
        -0.01422,
        0.0006569,
        -0.02249
    ],
    "gyro_scale": [
        1.0,
        1.0,
        1.0
    ],
    "htcComposeTime": "2017-07-21 18:02:16.524000",
    "lighthouse_config": {
        "channelMap": [
            0,
            1,
            2,
            3,
            4,
            5,
            6,
            7,
            8,
            9,
            10,
            11,
            12,
            13,
            14,
            15,
            16,
            17,
            18,
            19,
            20,
            21
        ],
        "modelNormals": [
            [
                0.6824991703033447,
                0.6131781339645386,
                0.3977530896663666
            ],
            [
                -0.8931733965873718,
                0.44771620631217957,
                -0.04232601821422577
            ],
            [
                0.7094064354896545,
                -0.4095762372016907,
                0.5735763311386108
            ],
            [
                -0.4586949348449707,
                -0.8359968662261963,
                0.301177978515625
            ],
            [
                -0.81607586145401,
                0.3477179706096649,
                -0.46164095401763916
            ],
            [
                -0.5825632810592651,
                0.6942723393440247,
                -0.42261821031570435
            ],
            [
                -0.784885823726654,
                -0.4531538784503937,
                -0.42261791229248047
            ],
            [
                0.2071249932050705,
                0.030079999938607216,
                0.9778519868850708
            ],
            [
                -0.3099759519100189,
                -0.8516508340835571,
                -0.42261791229248047
            ],
            [
                -0.827340304851532,
                0.435027152299881,
                0.35533010959625244
            ],
            [
                0,
                0.9063078761100769,
                -0.42261794209480286
            ],
            [
                0,
                -0.8386707305908203,
                0.5446388125419617
            ],
            [
                0.827340304851532,
                0.435027152299881,
                0.35533010959625244
            ],
            [
                0.3099750280380249,
                -0.851651132106781,
                -0.4226180613040924
            ],
            [
                -0.2071249932050705,
                0.030079999938607216,
                0.9778519868850708
            ],
            [
                0.7848854660987854,
                -0.4531542658805847,
                -0.42261824011802673
            ],
            [
                0.5825632810592651,
                0.6942723393440247,
                -0.42261821031570435
            ],
            [
                0.81607586145401,
                0.3477179706096649,
                -0.46164095401763916
            ],
            [
                0.4586949348449707,
                -0.8359968662261963,
                0.301177978515625
            ],
            [
                -0.7094060182571411,
                -0.4095759987831116,
                0.5735769867897034
            ],
            [
                0.8931733965873718,
                0.44771620631217957,
                -0.04232601821422577
            ],
            [
                -0.6824991703033447,
                0.6131781339645386,
                0.3977530896663666
            ]
        ],
        "modelPoints": [
            [
                -0.02689565159380436,
                0.07020647078752518,
                0.08666855841875076
            ],
            [
                -0.04050951823592186,
                0.06324584037065506,
                0.08734210580587387
            ],
            [
                -0.02916903793811798,
                0.05628584697842598,
                0.0882394090294838
            ],
            [
                -0.04133327305316925,
                0.051016248762607574,
                0.08863446861505508
            ],
            [
                -0.03921045735478401,
                0.04683135822415352,
                0.06310661137104034
            ],
            [
                -0.025922073051333427,
                0.06821400672197342,
                0.05921364575624466
            ],
            [
                -0.03252020105719566,
                0.020868994295597076,
                0.05866566300392151
            ],
            [
                -0.025065239518880844,
                0.025285860523581505,
                0.0686018317937851
            ],
            [
                -0.008087048307061195,
                -0.0032148712780326605,
                0.07425468415021896
            ],
            [
                -0.01271999254822731,
                -7.298086711671203e-05,
                0.08589018136262894
            ],
            [
                8.409933070652187e-05,
                0.07762806862592697,
                0.06022128835320473
            ],
            [
                4.36888039985206e-05,
                -0.006776959635317326,
                0.08806584030389786
            ],
            [
                0.01260865293443203,
                -9.671873158367816e-06,
                0.08589102327823639
            ],
            [
                0.007972671650350094,
                -0.0030550286173820496,
                0.07416032254695892
            ],
            [
                0.025204041972756386,
                0.02545384131371975,
                0.06859543174505234
            ],
            [
                0.032317645847797394,
                0.020941700786352158,
                0.05855649337172508
            ],
            [
                0.026287635788321495,
                0.06807397305965424,
                0.05919469892978668
            ],
            [
                0.039212606847286224,
                0.04678219184279442,
                0.0631510317325592
            ],
            [
                0.041407808661460876,
                0.05109735205769539,
                0.0885925441980362
            ],
            [
                0.02910616435110569,
                0.05655836686491966,
                0.08829621225595474
            ],
            [
                0.04043364152312279,
                0.06319411098957062,
                0.08725067973136902
            ],
            [
                0.02674313820898533,
                0.07034137099981308,
                0.08664526045322418
            ]
        ]
    },
    "manufacturer": "HTC",
    "mb_serial_number": "42VK177304205",
    "model_name": "Vive Tracker PVT",
    "render_model": "vr_tracker_vive_1_0",
    "revision": 1,
    "tracked_controller_role": "",
    "trackref_from_head": [
        -1,
        0,
        0,
        0,
        0,
        0.028768997579813004,
        0.081509737968444824
    ],
    "trackref_from_imu": [
        0,
        0,
        0,
        1,
        0.008990850299596786,
        0.01930335909128189,
        0.06395523250102997
    ],
    "type": "Lighthouse_HMD"
}
